{
  "Color": 0.201560559057121,
  "Texture": 0.01333049900319741,
  "Deep_VGG16": 0.10727003730846067,
  "Deep_ResNet50": 0.12727046332710465,
  "Deep_EfficientNet": 0.1229789015234671,
  "Deep_MobileNet": 0.2078433659283449,
  "Deep_DenseNet": 0.17764840094468667,
  "Deep_Combined": 0.12048845435174059,
  "Symmetry": 0.08304073279814847
}