{
  "Color": 0.36167664670658684,
  "Texture": -0.0024276053407317495,
  "Deep_VGG16": 0.11357237715803453,
  "Deep_ResNet50": 0.6740642596886386,
  "Deep_EfficientNet": 0.5475862068965517,
  "Deep_MobileNet": 0.5535492763611303,
  "Deep_DenseNet": 0.7233883058470765,
  "Deep_Combined": 0.7666310921380292,
  "Symmetry": 0.16262042389210019
}