{
  "Color": 0.019097179885517134,
  "Texture": 0.1158893272201504,
  "Deep_VGG16": 0.1839593690597056,
  "Deep_ResNet50": 0.14127613811950937,
  "Deep_EfficientNet": 0.16511468899773715,
  "Deep_MobileNet": 0.1647677680964194,
  "Deep_DenseNet": 0.04880259282715821,
  "Deep_Combined": 0.2321549400650661,
  "Symmetry": 0.08894493933797028
}