{
  "0": {
    "count": 64,
    "percentage": 21.122112211221122,
    "members": [
      "tra_0811.jpg",
      "tra_0623.jpg",
      "tra_0806.jpg",
      "tra_0423.jpg",
      "7pzvwd30Lf5gRzXG12i4397mDyr1UdPK2TWG9nPx.jpg",
      "tra_0230.jpg",
      "tra_0422.jpg",
      "tra_0807.jpg",
      "XcTxriZfMjwg7LpFByacA8WeyglzHYTmo4BY5gw9.jpg",
      "tra_0433.jpg",
      "tra_0427.jpg",
      "tra_0627.jpg",
      "tra_0430.jpg",
      "tra_0331.jpg",
      "tra_0913.jpg",
      "tra_0907.jpg",
      "tra_0534.jpg",
      "tra_0520.jpg",
      "tra_0508.jpg",
      "tra_0722.jpg",
      "tra_0904.jpg",
      "tra_0327.jpg",
      "tra_0125.jpg",
      "tra_0732.jpg",
      "tra_0320.jpg",
      "tra_0526.jpg",
      "tra_0730.jpg",
      "tra_0917.jpg",
      "tra_0916.jpg",
      "tra_0731.jpg",
      "tra_0725.jpg",
      "tra_0527.jpg",
      "tra_0309.jpg",
      "tra_0714.jpg",
      "tra_0728.jpg",
      "tra_0715.jpg",
      "tra_0701.jpg",
      "tra_0515.jpg",
      "tra_0529.jpg",
      "tra_0703.jpg",
      "tra_0702.jpg",
      "tra_0514.jpg",
      "tra_0908.jpg",
      "8KaJH7Intkkc02UDK7s3EYQ2eWcU0lQ7412DaNXD.jpg",
      "tra_0115.jpg",
      "tra_0117.jpg",
      "tra_0507.jpg",
      "tra_0512.jpg",
      "tra_0506.jpg",
      "tra_0328.jpg",
      "tra_0102.jpg",
      "tra_0116.jpg",
      "tra_0207.jpg",
      "tra_0212.jpg",
      "tra_0628.jpg",
      "tra_0204.jpg",
      "tra_0403.jpg",
      "tra_0605.jpg",
      "tra_0407.jpg",
      "tra_0413.jpg",
      "tra_0229.jpg",
      "tra_0214.jpg",
      "tra_0406.jpg",
      "tra_0606.jpg"
    ],
    "Color_mean": 0.15044471621513367,
    "Color_std": 0.8965724110603333,
    "Texture_mean": 0.09350938851050074,
    "Texture_std": 0.9192426727421167,
    "Deep_VGG16_mean": 0.15651091933250427,
    "Deep_VGG16_std": 0.6864549517631531,
    "Deep_ResNet50_mean": 0.16581904888153076,
    "Deep_ResNet50_std": 0.7468315958976746,
    "Deep_EfficientNet_mean": 0.17552070319652557,
    "Deep_EfficientNet_std": 0.8176619410514832,
    "Deep_MobileNet_mean": 0.181484654545784,
    "Deep_MobileNet_std": 0.7415749430656433,
    "Deep_DenseNet_mean": 0.2067979872226715,
    "Deep_DenseNet_std": 0.8220701813697815,
    "Deep_Combined_mean": 0.17715804278850555,
    "Deep_Combined_std": 0.768001139163971,
    "Symmetry_symmetry": {
      "30": 0.1542668594599037,
      "45": 0.09405318623663854,
      "60": 0.0734035072414286,
      "90": -0.08040547149431347,
      "120": 0.03074907702911784,
      "180": -0.06102728775747255,
      "h_flip": -0.0739421036605092,
      "v_flip": 0.267471026438131
    },
    "Symmetry_mean": 0.10441481491468936,
    "Symmetry_std": 1.110650658951397
  },
  "1": {
    "count": 28,
    "percentage": 9.24092409240924,
    "members": [
      "tra_0227.jpg",
      "tra_0218.jpg",
      "tra_0618.jpg",
      "tra_0624.jpg",
      "tra_0803.jpg",
      "tra_0625.jpg",
      "tra_0829.jpg",
      "tra_0523.jpg",
      "tra_0535.jpg",
      "tra_0109.jpg",
      "tra_0903.jpg",
      "tra_0106.jpg",
      "tra_0517.jpg",
      "tra_0528.jpg",
      "tra_0316.jpg",
      "tra_0317.jpg",
      "tra_0603.jpg",
      "tra_0818.jpg",
      "tra_0414.jpg",
      "tra_0825.jpg",
      "tra_0819.jpg",
      "tra_0417.jpg",
      "tra_0826.jpg",
      "tra_0601.jpg",
      "tra_0809.jpg",
      "tra_0216.jpg",
      "tra_0217.jpg",
      "tra_0411.jpg"
    ],
    "Color_mean": 0.265423446893692,
    "Color_std": 1.216620683670044,
    "Texture_mean": 0.16907128216260717,
    "Texture_std": 1.0821277390899102,
    "Deep_VGG16_mean": 0.2485397309064865,
    "Deep_VGG16_std": 1.1154322624206543,
    "Deep_ResNet50_mean": 0.24512574076652527,
    "Deep_ResNet50_std": 1.0427675247192383,
    "Deep_EfficientNet_mean": 0.3022155165672302,
    "Deep_EfficientNet_std": 1.2038557529449463,
    "Deep_MobileNet_mean": 0.2952348291873932,
    "Deep_MobileNet_std": 1.1623170375823975,
    "Deep_DenseNet_mean": 0.2768690884113312,
    "Deep_DenseNet_std": 1.0239825248718262,
    "Deep_Combined_mean": 0.27303388714790344,
    "Deep_Combined_std": 1.1041582822799683,
    "Symmetry_symmetry": {
      "30": 1.3769972717691987,
      "45": 1.3956595945097614,
      "60": 1.2818516362543118,
      "90": 0.7596778083789413,
      "120": 0.7075438683365498,
      "180": 0.014964850797772433,
      "h_flip": 0.30526103380317743,
      "v_flip": -0.14055724554911664
    },
    "Symmetry_mean": 0.7478141636748536,
    "Symmetry_std": 0.9921538649675643
  },
  "2": {
    "count": 40,
    "percentage": 13.2013201320132,
    "members": [
      "tra_1111.jpg",
      "tra_0421.jpg",
      "tra_0810.jpg",
      "tra_0231.jpg",
      "tra_0634.jpg",
      "tra_0208.jpg",
      "tra_0220.jpg",
      "tra_0221.jpg",
      "tra_0419.jpg",
      "tra_0912.jpg",
      "tra_0318.jpg",
      "tra_0124.jpg",
      "tra_0326.jpg",
      "tra_0911.jpg",
      "tra_0910.jpg",
      "tra_0525.jpg",
      "tra_0914.jpg",
      "tra_0915.jpg",
      "tra_0524.jpg",
      "tra_0335.jpg",
      "tra_0123.jpg",
      "tra_0112.jpg",
      "tra_0729.jpg",
      "tra_0305.jpg",
      "tra_0105.jpg",
      "tra_0313.jpg",
      "tra_0110.jpg",
      "tra_0104.jpg",
      "tra_0128.jpg",
      "tra_0114.jpg",
      "tra_0504.jpg",
      "tra_0129.jpg",
      "tra_0103.jpg",
      "tra_0513.jpg",
      "tra_0314.jpg",
      "tra_0830.jpg",
      "tra_0228.jpg",
      "tra_0410.jpg",
      "tra_0405.jpg",
      "tra_0834.jpg"
    ],
    "Color_mean": 0.23974686861038208,
    "Color_std": 0.9701974987983704,
    "Texture_mean": 0.13974924683587203,
    "Texture_std": 1.04397183078654,
    "Deep_VGG16_mean": 0.2614597976207733,
    "Deep_VGG16_std": 1.0778822898864746,
    "Deep_ResNet50_mean": 0.287632018327713,
    "Deep_ResNet50_std": 1.1124546527862549,
    "Deep_EfficientNet_mean": 0.2667725682258606,
    "Deep_EfficientNet_std": 1.0847245454788208,
    "Deep_MobileNet_mean": 0.2980770766735077,
    "Deep_MobileNet_std": 1.13909912109375,
    "Deep_DenseNet_mean": 0.2909529209136963,
    "Deep_DenseNet_std": 1.0023620128631592,
    "Deep_Combined_mean": 0.2838348150253296,
    "Deep_Combined_std": 1.090998649597168,
    "Symmetry_symmetry": {
      "30": -0.4934109151187827,
      "45": -0.6362891880230468,
      "60": -0.6564225114814521,
      "90": -0.33240198347316713,
      "120": -0.49444718831575074,
      "180": 0.1521289654870009,
      "h_flip": 0.15616553588997567,
      "v_flip": -0.006387221377835278
    },
    "Symmetry_mean": 0.3659566886458764,
    "Symmetry_std": 0.863263143671497
  },
  "3": {
    "count": 56,
    "percentage": 18.48184818481848,
    "members": [
      "tra_0420.jpg",
      "tra_0409.jpg",
      "2lVsDg3qe6lrfBB5NlZJ159krmJI262Y2oDrJmiE.jpg",
      "tra_0609.jpg",
      "tra_0812.jpg",
      "EucQ6MzWJYdseqtAAKhrIIRLXvyrpsvi7UKfcjHn.jpg",
      "tra_0813.jpg",
      "tra_0608.jpg",
      "tra_0817.jpg",
      "tra_1117.jpg",
      "tra_0816.jpg",
      "tra_0814.jpg",
      "tra_0828.jpg",
      "tra_0223.jpg",
      "tra_0626.jpg",
      "tra_0127.jpg",
      "tra_0319.jpg",
      "tra_0708.jpg",
      "tra_0536.jpg",
      "tra_0132.jpg",
      "tra_0118.jpg",
      "tra_0905.jpg",
      "tra_0723.jpg",
      "tra_0119.jpg",
      "tra_0131.jpg",
      "tra_0121.jpg",
      "tra_0134.jpg",
      "tra_0120.jpg",
      "tra_0136.jpg",
      "tra_0122.jpg",
      "tra_0718.jpg",
      "tra_0533.jpg",
      "tra_0304.jpg",
      "6PTWEz1b6nx8M2LcMlgX9iFstsAU0FK2CXfloB7z.jpg",
      "tra_0501.jpg",
      "tra_0302.jpg",
      "tra_0920.jpg",
      "tra_0707.jpg",
      "tra_0505.jpg",
      "tra_0303.jpg",
      "tra_0301.jpg",
      "tra_0704.jpg",
      "tra_0206.jpg",
      "tra_0602.jpg",
      "tra_0827.jpg",
      "tra_0833.jpg",
      "tra_0416.jpg",
      "tra_0210.jpg",
      "tra_0205.jpg",
      "tra_0211.jpg",
      "tra_0832.jpg",
      "tra_0215.jpg",
      "tra_0201.jpg",
      "tra_0412.jpg",
      "tra_0821.jpg",
      "tra_0202.jpg"
    ],
    "Color_mean": 0.2823057770729065,