{
  "Color": 0.12097686801480712,
  "Texture": 0.07245240779153853,
  "Deep_VGG16": 0.30771512141363083,
  "Deep_ResNet50": 0.2746974061700355,
  "Deep_EfficientNet": 0.25483861876072844,
  "Deep_MobileNet": 0.350514549962589,
  "Deep_DenseNet": 0.06002377887570907,
  "Deep_Combined": 0.014141781319450404,
  "Symmetry": 0.10473386871484876
}