{
  "0": {
    "count": 23,
    "percentage": 10.599078341013826,
    "members": [
      "syr_0623.jpg",
      "syr_0421.jpg",
      "syr_0221.jpg",
      "syr_0624.jpg",
      "syr_0220.jpg",
      "syr_0222.jpg",
      "syr_0419.jpg",
      "syr_0223.jpg",
      "syr_0325.jpg",
      "syr_0319.jpg",
      "syr_0524.jpg",
      "syr_0322.jpg",
      "syr_0320.jpg",
      "syr_0526.jpg",
      "syr_0713.jpg",
      "syr_0317.jpg",
      "syr_0303.jpg",
      "syr_0316.jpg",
      "syr_0400.jpg",
      "syr_0403.jpg",
      "syr_0402.jpg",
      "syr_0416.jpg",
      "syr_0404.jpg"
    ],
    "Color_mean": 0.6783930659294128,
    "Color_std": 0.5589781403541565,
    "Texture_mean": 0.20009690534709773,
    "Texture_std": 0.8535235549987181,
    "Deep_VGG16_mean": 0.2302028238773346,
    "Deep_VGG16_std": 0.8215780258178711,
    "Deep_ResNet50_mean": 0.23301085829734802,
    "Deep_ResNet50_std": 0.8337007761001587,
    "Deep_EfficientNet_mean": 0.2269362509250641,
    "Deep_EfficientNet_std": 0.8953380584716797,
    "Deep_MobileNet_mean": 0.2285793274641037,
    "Deep_MobileNet_std": 0.9008881449699402,
    "Deep_DenseNet_mean": 0.2799226641654968,
    "Deep_DenseNet_std": 0.878800630569458,
    "Deep_Combined_mean": 0.238406702876091,
    "Deep_Combined_std": 0.8670457005500793,
    "Symmetry_symmetry": {
      "30": 0.1916473042864178,
      "45": 0.3424505799611086,
      "60": 0.45910189341322755,
      "90": 0.2965728602036223,
      "120": 0.699294468293049,
      "180": 0.10363075833059396,
      "h_flip": 0.3073923700591586,
      "v_flip": -0.2846510687178549
    },
    "Symmetry_mean": 0.33559266290812906,
    "Symmetry_std": 0.9497211252483053
  },
  "1": {
    "count": 35,
    "percentage": 16.129032258064516,
    "members": [
      "syr_0636.jpg",
      "syr_0423.jpg",
      "syr_0235.jpg",
      "syr_0209.jpg",
      "syr_0427.jpg",
      "syr_0424.jpg",
      "syr_0425.jpg",
      "syr_0734.jpg",
      "syr_0523.jpg",
      "syr_0535.jpg",
      "syr_0125.jpg",
      "syr_0332.jpg",
      "syr_0534.jpg",
      "syr_0108.jpg",
      "syr_0308.jpg",
      "syr_0122.jpg",
      "syr_0729.jpg",
      "syr_0715.jpg",
      "syr_0701.jpg",
      "syr_0305.jpg",
      "syr_0106.jpg",
      "syr_0528.jpg",
      "syr_0104.jpg",
      "syr_0306.jpg",
      "syr_0313.jpg",
      "syr_0105.jpg",
      "syr_0717.jpg",
      "syr_0712.jpg",
      "syr_0510.jpg",
      "syr_0102.jpg",
      "syr_0315.jpg",
      "syr_0414.jpg",
      "syr_0417.jpg",
      "syr_0413.jpg",
      "syr_0411.jpg"
    ],
    "Color_mean": 0.1925716996192932,
    "Color_std": 0.8104776740074158,
    "Texture_mean": 0.1114700507493979,
    "Texture_std": 0.8495400381071553,
    "Deep_VGG16_mean": 0.16911208629608154,
    "Deep_VGG16_std": 0.7140405178070068,
    "Deep_ResNet50_mean": 0.1754419207572937,
    "Deep_ResNet50_std": 0.8751256465911865,
    "Deep_EfficientNet_mean": 0.18110737204551697,
    "Deep_EfficientNet_std": 0.9157692193984985,
    "Deep_MobileNet_mean": 0.17354363203048706,
    "Deep_MobileNet_std": 0.9056112170219421,
    "Deep_DenseNet_mean": 0.20271149277687073,
    "Deep_DenseNet_std": 0.8760071992874146,
    "Deep_Combined_mean": 0.18024419248104095,
    "Deep_Combined_std": 0.8766674995422363,
    "Symmetry_symmetry": {
      "30": 0.316144572022604,
      "45": 0.2737036537519648,
      "60": 0.22630349211994483,
      "90": -0.02358845630520723,
      "120": -0.037822952181141595,
      "180": -0.5070721647483777,
      "h_flip": -0.07346557411106767,
      "v_flip": -0.37611615150830424
    },
    "Symmetry_mean": 0.2292771270935765,
    "Symmetry_std": 0.9642498127774056
  },
  "2": {
    "count": 58,
    "percentage": 26.72811059907834,
    "members": [
      "syr_0233.jpg",
      "syr_0227.jpg",
      "syr_0409.jpg",
      "syr_0434.jpg",
      "syr_0408.jpg",
      "syr_0226.jpg",
      "syr_0230.jpg",
      "syr_0608.jpg",
      "syr_0635.jpg",
      "syr_0609.jpg",
      "syr_0231.jpg",
      "syr_0625.jpg",
      "syr_0433.jpg",
      "syr_0618.jpg",
      "syr_0630.jpg",
      "syr_0234.jpg",
      "syr_0236.jpg",
      "syr_0626.jpg",
      "syr_0430.jpg",
      "syr_0418.jpg",
      "syr_0431.jpg",
      "syr_0627.jpg",
      "syr_0324.jpg",
      "syr_0331.jpg",
      "syr_0134.jpg",
      "syr_0135.jpg",
      "syr_0531.jpg",
      "syr_0309.jpg",
      "syr_0718.jpg",
      "syr_0107.jpg",
      "syr_0113.jpg",
      "syr_0311.jpg",
      "syr_0310.jpg",
      "syr_0304.jpg",
      "syr_0112.jpg",
      "syr_0714.jpg",
      "syr_0716.jpg",
      "syr_0110.jpg",
      "syr_0312.jpg",
      "syr_0307.jpg",
      "syr_0111.jpg",
      "syr_0529.jpg",
      "syr_0511.jpg",
      "syr_0300.jpg",
      "syr_0314.jpg",
      "syr_0301.jpg",
      "syr_0711.jpg",
      "syr_0513.jpg",
      "syr_0415.jpg",
      "syr_0429.jpg",
      "syr_0603.jpg",
      "syr_0614.jpg",
      "syr_0628.jpg",
      "syr_0228.jpg",
      "syr_0604.jpg",
      "syr_0406.jpg",
      "syr_0229.jpg",
      "syr_0405.jpg"
    ],
    "Color_mean": 0.13135111331939697,
    "Color_std": 0.9912125468254089,
    "Texture_mean": 0.0904820178141838,
    "Texture_std": 0.9713534720856785,
    "Deep_VGG16_mean": 0.2794264554977417,
    "Deep_VGG16_std": 1.1288270950317383,
    "Deep_ResNet50_mean": 0.20170429348945618,
    "Deep_ResNet50_std": 0.9776645302772522,
    "Deep_EfficientNet_mean": 0.1993570327758789,
    "Deep_EfficientNet_std": 0.9772865176200867,
    "Deep_MobileNet_mean": 0.17830276489257812,
    "Deep_MobileNet_std": 0.9548433423042297,
    "Deep_DenseNet_mean": 0.21231608092784882,
    "Deep_DenseNet_std": 0.9157772064208984,
    "Deep_Combined_mean": 0.20458544790744781,
    "Deep_Combined_std": 0.9751136898994446,
    "Symmetry_symmetry": {
      "30": 0.15597410181869184,
      "45": 0.13384401649125754,
      "60": 0.06784619804929451,
      "90": -0.22161214664518175,
      "120": -0.029356651230805147,
      "180": -0.13417420680152722,
      "h_flip": -0.14010167145766644,
      "v_flip": -0.26198737098424485
    },
    "Symmetry_mean": 0.1431120454348337,
    "Symmetry_std": 0.8334433936653325
  },
  "3": {
    "count": 64,
    "percentage": 29.493087557603687,
    "members": [
      "syr_0420.jpg",
      "syr_0232.jpg",
      "syr_0620.jpg",
      "syr_0621.jpg",
      "syr_0619.jpg",
      "syr_0426.jpg",
      "syr_0237.jpg",
      "syr_0126.jpg",
      "syr_0132.jpg",
      "syr_0133.jpg",
      "syr_0127.jpg",
      "syr_0721.jpg",
      "syr_0509.jpg",
      "syr_0723.jpg",
      "syr_0119.jpg",
      "syr_0131.jpg",
      "syr_0130.jpg",
      "syr_0118.jpg",
      "syr_0736.jpg",
      "syr_0722.jpg",
      "syr_0726.jpg",
      "syr_0120.jpg",
      "syr_0121.jpg",
      "syr_0527.jpg",
      "syr_0123.jpg",
      "syr_0503.jpg",
      "syr_0700.jpg",
      "syr_0728.jpg",
      "syr_0502.jpg",
      "syr_0702.jpg",
      "syr_0703.jpg",
      "syr_0501.jpg",
      "syr_0505.jpg",
      "syr_0115.jpg",
      "syr_0129.jpg",
      "syr_0114.jpg",
      "syr_0706.jpg",
      "syr_0504.jpg",
      "syr_0506.jpg",
      "syr_0704.jpg",
      "syr_0116.jpg",
      "syr_0329.jpg",
      "syr_0117.jpg",
      "syr_0507.jpg",
      "syr_0212.jpg",
      "syr_0428.jpg",
      "syr_0401.jpg",
      "syr_0617.jpg",
      "syr_0207.jpg",
      "syr_0629.jpg",
      "syr_0615.jpg",
      "syr_0204.jpg",
      "syr_0610.jpg",
      "syr_0412.jpg",
      "syr_0407.jpg",
      "syr_0605.jpg",
      "syr_0611.jpg",
      "syr_0201.jpg",
      "syr_0203.jpg",
      "syr_0607.jpg",
      "syr_0613.jpg",
      "syr_0410.jpg",
      "syr_0202.jpg",
      "syr_0216.jpg"
    ],
    "Color_mean": 0.17145508527755737,
    "Color_std": 0.9205751419067383,
    "Texture_mean": 0.1786232833782378,
    "Texture_std": 1.021861999769498,
    "Deep_VGG16_mean": 0.24123786389827728,
    "Deep_VGG16_std": 0.7567838430404663,
    "Deep_ResNet50_mean": 0.22459882497787476,
    "Deep_ResNet50_std": 0.9016523361206055,
    "Deep_EfficientNet_mean": 0.23445844650268555,