{
  "Color": 0.22847510341986885,
  "Texture": 0.14632242684811123,
  "Deep_VGG16": 0.30939600538740314,
  "Deep_ResNet50": 0.4438245703862079,
  "Deep_EfficientNet": 0.33345410043665,
  "Deep_MobileNet": 0.39366554658121816,
  "Deep_DenseNet": 0.4575085023664559,
  "Deep_Combined": 0.4601393237755707,
  "Symmetry": 0.07119411589305549
}