{
  "0": {
    "count": 58,
    "percentage": 13.45707656612529,
    "members": [
      "mor_2813x.jpg",
      "mor_0603.jpg",
      "mor_1509.jpg",
      "mor_0429.jpg",
      "mor_0616.jpg",
      "mor_1508.jpg",
      "mor_0827.jpg",
      "mor_4119x.jpg",
      "mor_0826.jpg",
      "mor_0611.jpg",
      "mor_2832x.jpg",
      "mor_2808x.jpg",
      "mor_0610.jpg",
      "mor_0823.jpg",
      "mor_2428x.jpg",
      "mor_0404.jpg",
      "mor_4109x.jpg",
      "mor_4220x.jpg",
      "mor_2835x.jpg",
      "mor_2842x.jpg",
      "mor_2602x.jpg",
      "mor_0702.jpg",
      "mor_4113x.jpg",
      "mor_4112x.jpg",
      "mor_2642x.jpg",
      "mor_0908.jpg",
      "mor_4128x.jpg",
      "mor_3602x.jpg",
      "mor_2814x.jpg",
      "mor_4237x.jpg",
      "mor_0329.jpg",
      "mor_0301.jpg",
      "mor_2834x.jpg",
      "mor_4108x.jpg",
      "mor_0704.jpg",
      "mor_0512.jpg",
      "mor_4127x.jpg",
      "mor_4111x.jpg",
      "mor_1212.jpg",
      "mor_2600x.jpg",
      "mor_2440x.jpg",
      "mor_4202x.jpg",
      "mor_2817x.jpg",
      "mor_4203x.jpg",
      "mor_2441x.jpg",
      "mor_4110x.jpg",
      "mor_4219x.jpg",
      "mor_0811.jpg",
      "mor_0621.jpg",
      "mor_0231.jpg",
      "mor_0230.jpg",
      "mor_4121x.jpg",
      "mor_4137x.jpg",
      "mor_4120x.jpg",
      "mor_1507.jpg",
      "mor_0828.jpg",
      "mor_2410x.jpg",
      "mor_2806x.jpg"
    ],
    "Color_mean": 0.27140721678733826,
    "Color_std": 0.8469331860542297,
    "Texture_mean": 0.2924051845177407,
    "Texture_std": 1.139478812919464,
    "Deep_VGG16_mean": 0.22281669080257416,
    "Deep_VGG16_std": 0.9263187646865845,
    "Deep_ResNet50_mean": 0.23054808378219604,
    "Deep_ResNet50_std": 0.9006609916687012,
    "Deep_EfficientNet_mean": 0.25549495220184326,
    "Deep_EfficientNet_std": 0.9345554113388062,
    "Deep_MobileNet_mean": 0.24312205612659454,
    "Deep_MobileNet_std": 0.9659589529037476,
    "Deep_DenseNet_mean": 0.3211940824985504,
    "Deep_DenseNet_std": 0.9281673431396484,
    "Deep_Combined_mean": 0.25282829999923706,
    "Deep_Combined_std": 0.9280486106872559,
    "Symmetry_symmetry": {
      "30": -0.35733621416145356,
      "45": -0.4425976166331046,
      "60": -0.48441675848899496,
      "90": -0.2544603300892959,
      "120": -0.517393277608577,
      "180": 0.10015857324648597,
      "h_flip": -0.2131079934663349,
      "v_flip": 0.8300459572221822
    },
    "Symmetry_mean": 0.39993959011455366,
    "Symmetry_std": 1.0506255248450445
  },
  "1": {
    "count": 186,
    "percentage": 43.1554524361949,
    "members": [
      "mor_0818.jpg",
      "mor_0617.jpg",
      "mor_0401.jpg",
      "mor_0213.jpg",
      "mor_0207.jpg",
      "mor_1119.jpg",
      "mor_1131.jpg",
      "mor_3605x.jpg",
      "mor_1118.jpg",
      "mor_0206.jpg",
      "mor_0212.jpg",
      "mor_0414.jpg",
      "mor_1520.jpg",
      "mor_0602.jpg",
      "mor_0819.jpg",
      "mor_0416.jpg",
      "mor_0402.jpg",
      "mor_4123x.jpg",
      "mor_3609x.jpg",
      "mor_0204.jpg",
      "mor_0210.jpg",
      "mor_2433x.jpg",
      "mor_0205.jpg",
      "mor_0403.jpg",
      "mor_0822.jpg",
      "mor_1137.jpg",
      "mor_0201.jpg",
      "mor_2609x.jpg",
      "mor_0214.jpg",
      "mor_0228.jpg",
      "mor_3608x.jpg",
      "mor_0406.jpg",
      "mor_0412.jpg",
      "mor_2408x.jpg",
      "mor_0837.jpg",
      "mor_0821.jpg",
      "mor_1518.jpg",
      "mor_0216.jpg",
      "mor_0202.jpg",
      "mor_0203.jpg",
      "mor_0411.jpg",
      "mor_0405.jpg",
      "mor_4211x.jpg",
      "mor_1519.jpg",
      "mor_2404x.jpg",
      "mor_0808.jpg",
      "mor_1218.jpg",
      "mor_1224.jpg",
      "mor_0304.jpg",
      "mor_0516.jpg",
      "mor_0503.jpg",
      "mor_0311.jpg",
      "mor_0305.jpg",
      "mor_1231.jpg",
      "mor_1225.jpg",
      "mor_1219.jpg",
      "mor_1233.jpg",
      "mor_1227.jpg",
      "mor_0307.jpg",
      "mor_0501.jpg",
      "mor_0515.jpg",
      "mor_2442x.jpg",
      "mor_2439x.jpg",
      "mor_0306.jpg",
      "mor_1226.jpg",
      "mor_1232.jpg",
      "mor_3639x.jpg",
      "mor_0316.jpg",
      "mor_0302.jpg",
      "mor_0504.jpg",
      "mor_0510.jpg",
      "mor_0909.jpg",
      "mor_0920.jpg",
      "mor_0511.jpg",
      "mor_0303.jpg",
      "mor_0317.jpg",
      "mor_3614x.jpg",
      "mor_1237.jpg",
      "mor_1235.jpg",
      "mor_1209.jpg",
      "mor_2434x.jpg",
      "mor_0705.jpg",
      "mor_0314.jpg",
      "mor_0328.jpg",
      "mor_1208.jpg",
      "mor_4234x.jpg",
      "mor_1205.jpg",
      "mor_1211.jpg",
      "mor_0325.jpg",
      "mor_0912.jpg",
      "mor_0906.jpg",
      "mor_0720.jpg",
      "mor_0907.jpg",
      "mor_0913.jpg",
      "mor_0318.jpg",
      "mor_0330.jpg",
      "mor_0324.jpg",
      "mor_1204.jpg",
      "mor_4238x.jpg",
      "mor_1206.jpg",
      "mor_0326.jpg",
      "mor_0508.jpg",
      "mor_0911.jpg",
      "mor_0904.jpg",
      "mor_0509.jpg",
      "mor_3601x.jpg",
      "mor_0327.jpg",
      "mor_4214x.jpg",
      "mor_1207.jpg",
      "mor_1213.jpg",
      "mor_3640x.jpg",
      "mor_4242x.jpg",
      "mor_1217.jpg",
      "mor_3641x.jpg",
      "mor_1203.jpg",
      "mor_1015.jpg",
      "mor_3616x.jpg",
      "mor_2841x.jpg",
      "mor_0323.jpg",
      "mor_0914.jpg",
      "mor_0901.jpg",
      "mor_0518.jpg",
      "mor_0322.jpg",
      "mor_4239x.jpg",
      "mor_1202.jpg",
      "mor_1216.jpg",
      "mor_1214.jpg",
      "mor_1016.jpg",
      "mor_0308.jpg",
      "mor_0320.jpg",
      "mor_4126x.jpg",
      "mor_0903.jpg",
      "mor_0719.jpg",
      "mor_0902.jpg",
      "mor_0309.jpg",
      "mor_1017.jpg",
      "mor_1229.jpg",
      "mor_1201.jpg",
      "mor_0805.jpg",
      "mor_1514.jpg",
      "mor_0420.jpg",
      "mor_0408.jpg",
      "mor_0232.jpg",
      "mor_0226.jpg",
      "mor_2411x.jpg",
      "mor_3607x.jpg",
      "mor_1111.jpg",
      "mor_0227.jpg",
      "mor_0233.jpg",
      "mor_0421.jpg",
      "mor_1515.jpg",
      "mor_2407x.jpg",
      "mor_0810.jpg",
      "mor_0804.jpg",
      "mor_0812.jpg",
      "mor_1503.jpg",
      "mor_0219.jpg",
      "mor_1112.jpg",
      "mor_0218.jpg",
      "mor_0224.jpg",
      "mor_0422.jpg",
      "mor_0807.jpg",
      "mor_0813.jpg",
      "mor_0803.jpg",
      "mor_1512.jpg",
      "mor_1506.jpg",
      "mor_0618.jpg",
      "mor_0208.jpg",
      "mor_1116.jpg",
      "mor_0234.jpg",
      "mor_4225x.jpg",
      "mor_0221.jpg",
      "mor_0209.jpg",
      "mor_0427.jpg",
      "mor_0802.jpg",
      "mor_0816.jpg",
      "mor_0814.jpg",
      "mor_1505.jpg",
      "mor_0425.jpg",
      "mor_1115.jpg",
      "mor_0222.jpg",
      "mor_0424.jpg",
      "mor_0418.jpg",
      "mor_1504.jpg",
      "mor_0815.jpg",
      "mor_0801.jpg"
    ],
    "Color_mean": 0.27313801646232605,
    "Color_std": 1.0088592767715454,
    "Texture_mean": 0.07005399318698242,
    "Texture_std": 0.9996898166288847,
    "Deep_VGG16_mean": 0.18953874707221985,
    "Deep_VGG16_std": 0.7330691814422607,
    "Deep_ResNet50_mean": 0.18168452382087708,
    "Deep_ResNet50_std": 0.8618149757385254,
    "Deep_EfficientNet_mean": 0.2005353718996048,
    "Deep_EfficientNet_std": 0.8329582214355469,
    "Deep_MobileNet_mean": 0.18441013991832733,
    "Deep_MobileNet_std": 0.8364423513412476,
    "Deep_DenseNet_mean": 0.2822043299674988,
    "Deep_DenseNet_std": 0.862861156463623,
    "Deep_Combined_mean": 0.20358745753765106,
    "Deep_Combined_std": 0.8399627208709717,
    "Symmetry_symmetry": {
      "30": -0.23378546989910876,
      "45": -0.09428108996615846,
      "60": -0.06848773160615249,
      "90": -0.07015952376817218,
      "120": 0.0699816090967894,
      "180": 0.023633616512988474,
      "h_flip": -0.11198264479877637,
      "v_flip": -0.1175476066132017
    },
    "Symmetry_mean": 0.09873241153266848,
    "Symmetry_std": 0.6322947603248452
  },
  "2": {
    "count": 93,
    "percentage": 21.57772621809745,