{
  "Color": 0.140390831064544,
  "Texture": 0.10960477403252553,
  "Deep_VGG16": 0.07322749783957064,
  "Deep_ResNet50": 0.13507608883111535,
  "Deep_EfficientNet": 0.523018202775397,
  "Deep_MobileNet": 0.501771140879419,
  "Deep_DenseNet": 0.5645638257508611,
  "Deep_Combined": 0.6485114862399363,
  "Symmetry": 0.026224007094245133
}