{
  "Color": 0.32023049284643346,
  "Texture": 0.0008301525043626456,
  "Deep_VGG16": 0.261174574806239,
  "Deep_ResNet50": 0.3230135007125549,
  "Deep_EfficientNet": 0.23493239771551747,
  "Deep_MobileNet": 0.20249041371351809,
  "Deep_DenseNet": 0.27464382941833115,
  "Deep_Combined": 0.007790979015224033,
  "Symmetry": 0.13577753979045104
}