{
  "Color": 0.3514188737941475,
  "Texture": 0.05887161199805352,
  "Deep_VGG16": 0.21482383269368668,
  "Deep_ResNet50": 0.26679146297802303,
  "Deep_EfficientNet": 0.1139799705974332,
  "Deep_MobileNet": 0.2370474415927129,
  "Deep_DenseNet": 0.2672970873399814,
  "Deep_Combined": 0.31774814574617966,
  "Symmetry": 0.015750044560311257
}