{
  "0": {
    "count": 50,
    "percentage": 17.24137931034483,
    "members": [
      "ind_0311.jpg",
      "ind_0918.jpg",
      "ind_0515.jpg",
      "ind_1009.jpg",
      "ind_0317.jpg",
      "ind_1008.jpg",
      "ind_0909.jpg",
      "ind_0314.jpg",
      "ind_0328.jpg",
      "ind_1022.jpg",
      "ind_0329.jpg",
      "ind_0213.jpg",
      "ind_0629.jpg",
      "ind_0826.jpg",
      "ind_0403.jpg",
      "ind_0837.jpg",
      "ind_0407.jpg",
      "ind_0836.jpg",
      "ind_0834.jpg",
      "ind_0820.jpg",
      "ind_0405.jpg",
      "ind_0404.jpg",
      "ind_0835.jpg",
      "ind_0409.jpg",
      "ind_0805.jpg",
      "ind_0811.jpg",
      "ind_0807.jpg",
      "ind_0813.jpg",
      "ind_0812.jpg",
      "ind_0221.jpg",
      "ind_0816.jpg",
      "ind_0817.jpg",
      "ind_0829.jpg",
      "ind_0815.jpg",
      "ind_0814.jpg",
      "ind_1012.jpg",
      "ind_0330.jpg",
      "ind_0331.jpg",
      "ind_0721.jpg",
      "ind_0904.jpg",
      "ind_0327.jpg",
      "ind_0326.jpg",
      "ind_1010.jpg",
      "ind_0336.jpg",
      "ind_0725.jpg",
      "ind_0916.jpg",
      "ind_0335.jpg",
      "ind_0309.jpg",
      "ind_1003.jpg",
      "ind_0724.jpg"
    ],
    "Color_mean": 0.4608291685581207,
    "Color_std": 0.9072902798652649,
    "Texture_mean": 0.17337020482052,
    "Texture_std": 0.8615809467416723,
    "Deep_VGG16_mean": 0.25057268142700195,
    "Deep_VGG16_std": 0.8258034586906433,
    "Deep_ResNet50_mean": 0.2624514400959015,
    "Deep_ResNet50_std": 0.85245680809021,
    "Deep_EfficientNet_mean": 0.3082044720649719,
    "Deep_EfficientNet_std": 0.8386611938476562,
    "Deep_MobileNet_mean": 0.2506365180015564,
    "Deep_MobileNet_std": 0.857509434223175,
    "Deep_DenseNet_mean": 0.3422032594680786,
    "Deep_DenseNet_std": 0.9935441017150879,
    "Deep_Combined_mean": 0.2818239629268646,
    "Deep_Combined_std": 0.871928870677948,
    "Symmetry_symmetry": {
      "30": -0.26305963341230826,
      "45": -0.07601556247621169,
      "60": -0.018499574851407928,
      "90": 0.10462472695281592,
      "120": 0.3573253088579744,
      "180": 0.005438477455741131,
      "h_flip": -0.45995203173448135,
      "v_flip": 0.1650920952073439
    },
    "Symmetry_mean": 0.18125092636853557,
    "Symmetry_std": 0.6935960073716393
  },
  "1": {
    "count": 52,
    "percentage": 17.93103448275862,
    "members": [
      "ind_0729.jpg",
      "ind_0700.jpg",
      "ind_0516.jpg",
      "ind_0702.jpg",
      "ind_0919.jpg",
      "ind_0111.jpg",
      "ind_0920.jpg",
      "ind_0129.jpg",
      "ind_0711.jpg",
      "ind_0513.jpg",
      "ind_0212.jpg",
      "ind_0819.jpg",
      "ind_0401.jpg",
      "ind_0415.jpg",
      "ind_0830.jpg",
      "ind_0205.jpg",
      "ind_0417.jpg",
      "ind_0827.jpg",
      "ind_0628.jpg",
      "ind_0204.jpg",
      "ind_0210.jpg",
      "ind_0214.jpg",
      "ind_0215.jpg",
      "ind_0203.jpg",
      "ind_0216.jpg",
      "ind_0202.jpg",
      "ind_0408.jpg",
      "ind_0422.jpg",
      "ind_0423.jpg",
      "ind_0806.jpg",
      "ind_0235.jpg",
      "ind_0209.jpg",
      "ind_0631.jpg",
      "ind_0630.jpg",
      "ind_0208.jpg",
      "ind_0220.jpg",
      "ind_0632.jpg",
      "ind_0430.jpg",
      "ind_0828.jpg",
      "ind_0319.jpg",
      "ind_0735.jpg",
      "ind_0333.jpg",
      "ind_0332.jpg",
      "ind_0130.jpg",
      "ind_0915.jpg",
      "ind_0108.jpg",
      "ind_0109.jpg",
      "ind_0914.jpg",
      "ind_1002.jpg",
      "ind_0320.jpg",
      "ind_0917.jpg",
      "ind_0903.jpg"
    ],
    "Color_mean": 0.2053634375333786,
    "Color_std": 0.8683081269264221,
    "Texture_mean": 0.12167696177624704,
    "Texture_std": 0.8080914709877354,
    "Deep_VGG16_mean": 0.24290889501571655,
    "Deep_VGG16_std": 0.7102059721946716,
    "Deep_ResNet50_mean": 0.23735034465789795,
    "Deep_ResNet50_std": 0.911089301109314,
    "Deep_EfficientNet_mean": 0.27421998977661133,
    "Deep_EfficientNet_std": 0.8301163911819458,
    "Deep_MobileNet_mean": 0.24729232490062714,
    "Deep_MobileNet_std": 0.8897609710693359,
    "Deep_DenseNet_mean": 0.30308982729911804,
    "Deep_DenseNet_std": 0.9867463111877441,
    "Deep_Combined_mean": 0.25852254033088684,
    "Deep_Combined_std": 0.8856456875801086,
    "Symmetry_symmetry": {
      "30": -0.41764436243034403,
      "45": -0.2726605981906943,
      "60": -0.2283922126037727,
      "90": -0.005644663539895238,
      "120": 0.058075310999152294,
      "180": 0.21513601869576163,
      "h_flip": -0.026670718177505055,
      "v_flip": -0.08850884462329776
    },
    "Symmetry_mean": 0.16409159115755287,
    "Symmetry_std": 0.9313461555866822
  },
  "2": {
    "count": 78,
    "percentage": 26.89655172413793,
    "members": [
      "ind_0113.jpg",
      "ind_1027.jpg",
      "ind_0310.jpg",
      "ind_1026.jpg",
      "ind_0112.jpg",
      "ind_0728.jpg",
      "ind_0500.jpg",
      "ind_0104.jpg",
      "ind_0110.jpg",
      "ind_1024.jpg",
      "ind_1030.jpg",
      "ind_0312.jpg",
      "ind_1025.jpg",
      "ind_0105.jpg",
      "ind_0501.jpg",
      "ind_0707.jpg",
      "ind_0101.jpg",
      "ind_0115.jpg",
      "ind_1021.jpg",
      "ind_0316.jpg",
      "ind_0302.jpg",
      "ind_0128.jpg",
      "ind_0114.jpg",
      "ind_0921.jpg",
      "ind_0712.jpg",
      "ind_0116.jpg",
      "ind_0102.jpg",
      "ind_1023.jpg",
      "ind_0922.jpg",
      "ind_0206.jpg",
      "ind_0616.jpg",
      "ind_0429.jpg",
      "ind_0617.jpg",
      "ind_0615.jpg",
      "ind_0614.jpg",
      "ind_0200.jpg",
      "ind_0228.jpg",
      "ind_0413.jpg",
      "ind_0201.jpg",
      "ind_0217.jpg",
      "ind_0613.jpg",
      "ind_0612.jpg",
      "ind_0227.jpg",
      "ind_0623.jpg",
      "ind_0636.jpg",
      "ind_0218.jpg",
      "ind_0230.jpg",
      "ind_0634.jpg",
      "ind_0635.jpg",
      "ind_0219.jpg",
      "ind_0619.jpg",
      "ind_0432.jpg",
      "ind_0426.jpg",
      "ind_0222.jpg",
      "ind_0431.jpg",
      "ind_0223.jpg",
      "ind_0708.jpg",
      "ind_0913.jpg",
      "ind_0132.jpg",
      "ind_0318.jpg",
      "ind_0133.jpg",
      "ind_0912.jpg",
      "ind_0723.jpg",
      "ind_0131.jpg",
      "ind_1011.jpg",
      "ind_0124.jpg",
      "ind_0118.jpg",
      "ind_0722.jpg",
      "ind_0120.jpg",
      "ind_0134.jpg",
      "ind_1014.jpg",
      "ind_0135.jpg",
      "ind_0727.jpg",
      "ind_0123.jpg",
      "ind_0321.jpg",
      "ind_0122.jpg",
      "ind_0136.jpg",
      "ind_0730.jpg"
    ],
    "Color_mean": 0.26441070437431335,
    "Color_std": 0.8478405475616455,
    "Texture_mean": 0.09467106948812935,
    "Texture_std": 0.9865144604988633,
    "Deep_VGG16_mean": 0.22896865010261536,
    "Deep_VGG16_std": 1.073860764503479,
    "Deep_ResNet50_mean": 0.20029914379119873,
    "Deep_ResNet50_std": 0.9520117044448853,
    "Deep_EfficientNet_mean": 0.24867060780525208,
    "Deep_EfficientNet_std": 1.0294235944747925,
    "Deep_MobileNet_mean": 0.2213088572025299,
    "Deep_MobileNet_std": 0.9331680536270142,
    "Deep_DenseNet_mean": 0.25473323464393616,
    "Deep_DenseNet_std": 0.90995192527771,
    "Deep_Combined_mean": 0.22621500492095947,
    "Deep_Combined_std": 0.9673575758934021,
    "Symmetry_symmetry": {
      "30": -0.0034965032362787316,
      "45": -0.12458612035132055,
      "60": -0.11045547844911993,
      "90": -0.18766010345747175,
      "120": -0.1291529149126632,
      "180": 0.04776311341278744,
      "h_flip": 0.10313362575417503,
      "v_flip": -0.09813675870438231
    },
    "Symmetry_mean": 0.10054807728477487,
    "Symmetry_std": 1.0192574527032083
  },
  "3": {
    "count": 56,
    "percentage": 19.310344827586206,