{
  "Color": 0.06462511603260791,
  "Texture": 0.03868126079884091,
  "Deep_VGG16": 0.24201941272059196,
  "Deep_ResNet50": 0.18935686594753992,
  "Deep_EfficientNet": 0.1876427409998846,
  "Deep_MobileNet": 0.08945082834691663,
  "Deep_DenseNet": 0.10231324648517917,
  "Deep_Combined": 0.19822918753506302,
  "Symmetry": 0.09990510810748823
}