{
  "0": {
    "count": 33,
    "percentage": 12.043795620437956,
    "members": [
      "tur_0618.jpg",
      "tur_0817.jpg",
      "tur_0631.jpg",
      "tur_0433.jpg",
      "tur_0223.jpg",
      "tur_0815.jpg",
      "tur_0408.jpg",
      "tur_0233.jpg",
      "tur_0621.jpg",
      "tur_0609.jpg",
      "tur_1001.jpg",
      "tur_0733.jpg",
      "tur_0123.jpg",
      "tur_0335.jpg",
      "tur_1003.jpg",
      "tur_0523.jpg",
      "tur_0536.jpg",
      "tur_1004.jpg",
      "tur_1010.jpg",
      "tur_1005.jpg",
      "tur_0333.jpg",
      "tur_1008.jpg",
      "tur_0908.jpg",
      "tur_0728.jpg",
      "tur_0407.jpg",
      "tur_0610.jpg",
      "tur_0404.jpg",
      "tur_0612.jpg",
      "tur_0613.jpg",
      "tur_0617.jpg",
      "tur_0830.jpg",
      "tur_0402.jpg",
      "tur_0416.jpg"
    ],
    "Color_mean": 0.1979164332151413,
    "Color_std": 0.8018979430198669,
    "Texture_mean": 0.13845584477996098,
    "Texture_std": 0.6873387115425859,
    "Deep_VGG16_mean": 0.23404225707054138,
    "Deep_VGG16_std": 0.5842540264129639,
    "Deep_ResNet50_mean": 0.24563542008399963,
    "Deep_ResNet50_std": 0.624441385269165,
    "Deep_EfficientNet_mean": 0.2730836868286133,
    "Deep_EfficientNet_std": 0.6628636121749878,
    "Deep_MobileNet_mean": 0.23099550604820251,
    "Deep_MobileNet_std": 0.7520232200622559,
    "Deep_DenseNet_mean": 0.2703646421432495,
    "Deep_DenseNet_std": 0.7888048887252808,
    "Deep_Combined_mean": 0.2514592707157135,
    "Deep_Combined_std": 0.6830704808235168,
    "Symmetry_symmetry": {
      "30": 0.718270235999084,
      "45": 0.8926181457787432,
      "60": 0.9521691728342301,
      "90": 0.5149608679759988,
      "120": 0.8641406063878664,
      "180": -0.027371803018159287,
      "h_flip": -0.36241361739374117,
      "v_flip": 0.4431432358086958
    },
    "Symmetry_mean": 0.5968859606495649,
    "Symmetry_std": 0.8380501939688088
  },
  "1": {
    "count": 26,
    "percentage": 9.48905109489051,
    "members": [
      "tur_0625.jpg",
      "tur_0811.jpg",
      "tur_0929.jpg",
      "tur_0120.jpg",
      "tur_0532.jpg",
      "tur_0118.jpg",
      "tur_0736.jpg",
      "tur_0534.jpg",
      "tur_0508.jpg",
      "tur_0535.jpg",
      "tur_0119.jpg",
      "tur_0921.jpg",
      "tur_0504.jpg",
      "tur_0511.jpg",
      "tur_0101.jpg",
      "tur_0506.jpg",
      "tur_0102.jpg",
      "tur_0930.jpg",
      "tur_0514.jpg",
      "tur_0931.jpg",
      "tur_0110.jpg",
      "tur_0201.jpg",
      "tur_0216.jpg",
      "tur_0834.jpg",
      "tur_1130.jpg",
      "tur_0832.jpg"
    ],
    "Color_mean": 0.24252863228321075,
    "Color_std": 0.7853477001190186,
    "Texture_mean": 0.23415912750340348,
    "Texture_std": 0.9240957425601558,
    "Deep_VGG16_mean": 0.35492563247680664,
    "Deep_VGG16_std": 1.014601230621338,
    "Deep_ResNet50_mean": 0.35887429118156433,
    "Deep_ResNet50_std": 1.06510591506958,
    "Deep_EfficientNet_mean": 0.2672358751296997,
    "Deep_EfficientNet_std": 0.9962519407272339,
    "Deep_MobileNet_mean": 0.25632351636886597,
    "Deep_MobileNet_std": 0.9673470258712769,
    "Deep_DenseNet_mean": 0.3406723141670227,
    "Deep_DenseNet_std": 0.931627631187439,
    "Deep_Combined_mean": 0.3150554895401001,
    "Deep_Combined_std": 1.0039397478103638,
    "Symmetry_symmetry": {
      "30": -0.08338214776015006,
      "45": -0.08304931096360264,
      "60": -0.04180790690868576,
      "90": 0.11596323593961778,
      "120": 0.137554431629454,
      "180": 0.3867565411864757,
      "h_flip": 0.4149616009991075,
      "v_flip": -0.36971871011582763
    },
    "Symmetry_mean": 0.20414923568786514,
    "Symmetry_std": 0.9198415805463298
  },
  "2": {
    "count": 38,
    "percentage": 13.86861313868613,
    "members": [
      "tur_0624.jpg",
      "tur_0221.jpg",
      "tur_0619.jpg",
      "tur_0419.jpg",
      "tur_0222.jpg",
      "tur_0626.jpg",
      "tur_0418.jpg",
      "tur_0434.jpg",
      "tur_0226.jpg",
      "tur_0227.jpg",
      "tur_0225.jpg",
      "tur_0224.jpg",
      "tur_0807.jpg",
      "tur_0620.jpg",
      "tur_0109.jpg",
      "tur_0527.jpg",
      "tur_0734.jpg",
      "tur_0905.jpg",
      "tur_0910.jpg",
      "tur_0935.jpg",
      "tur_0909.jpg",
      "tur_0317.jpg",
      "tur_1009.jpg",
      "tur_0927.jpg",
      "tur_0933.jpg",
      "tur_0918.jpg",
      "tur_0528.jpg",
      "tur_0919.jpg",
      "tur_0837.jpg",
      "tur_0410.jpg",
      "tur_0606.jpg",
      "tur_0835.jpg",
      "tur_0821.jpg",
      "tur_0414.jpg",
      "tur_0614.jpg",
      "tur_0628.jpg",
      "tur_0629.jpg",
      "tur_0417.jpg"
    ],
    "Color_mean": 0.15767152607440948,
    "Color_std": 0.8302213549613953,
    "Texture_mean": 0.1568667830535479,
    "Texture_std": 0.8633517162418329,
    "Deep_VGG16_mean": 0.3652879595756531,
    "Deep_VGG16_std": 1.0168555974960327,
    "Deep_ResNet50_mean": 0.31616416573524475,
    "Deep_ResNet50_std": 0.9490329623222351,
    "Deep_EfficientNet_mean": 0.3441751003265381,
    "Deep_EfficientNet_std": 0.9604368209838867,
    "Deep_MobileNet_mean": 0.3092273771762848,
    "Deep_MobileNet_std": 0.9035120010375977,
    "Deep_DenseNet_mean": 0.3418104648590088,
    "Deep_DenseNet_std": 0.8391208052635193,
    "Deep_Combined_mean": 0.32892265915870667,
    "Deep_Combined_std": 0.929258406162262,
    "Symmetry_symmetry": {
      "30": 0.4803700443467232,
      "45": 0.11031594635523272,
      "60": -0.19371538660790083,
      "90": -0.266952696838509,
      "120": -0.5858635681259627,
      "180": -0.41075695740110085,
      "h_flip": 0.3057113024452359,
      "v_flip": -0.139568171012409
    },
    "Symmetry_mean": 0.31165675914163427,
    "Symmetry_std": 1.2009228083633043
  },
  "3": {
    "count": 24,
    "percentage": 8.75912408759124,
    "members": [
      "tur_0235.jpg",
      "tur_0829.jpg",
      "tur_0632.jpg",
      "tur_0622.jpg",
      "tur_0623.jpg",
      "tur_0421.jpg",
      "tur_0422.jpg",
      "tur_0901.jpg",
      "tur_0907.jpg",
      "tur_0318.jpg",
      "tur_1006.jpg",
      "tur_0920.jpg",
      "tur_0115.jpg",
      "tur_0922.jpg",
      "tur_0513.jpg",
      "tur_0111.jpg",
      "tur_0924.jpg",
      "tur_0228.jpg",
      "tur_0823.jpg",
      "tur_0412.jpg",
      "tur_0405.jpg",
      "tur_0411.jpg",
      "tur_0616.jpg",
      "tur_0205.jpg"
    ],
    "Color_mean": 0.1644754558801651,
    "Color_std": 0.8609831929206848,
    "Texture_mean": 0.15886522316111895,
    "Texture_std": 0.8875986518436716,
    "Deep_VGG16_mean": 0.15290610492229462,
    "Deep_VGG16_std": 0.7506871819496155,
    "Deep_ResNet50_mean": 0.16699394583702087,
    "Deep_ResNet50_std": 0.8061405420303345,
    "Deep_EfficientNet_mean": 0.1910841017961502,
    "Deep_EfficientNet_std": 0.9347308874130249,
    "Deep_MobileNet_mean": 0.18416856229305267,
    "Deep_MobileNet_std": 0.9592424631118774,
    "Deep_DenseNet_mean": 0.19330084323883057,
    "Deep_DenseNet_std": 0.9229822158813477,
    "Deep_Combined_mean": 0.1788012832403183,
    "Deep_Combined_std": 0.8796789050102234,
    "Symmetry_symmetry": {
      "30": -0.05407345502919506,
      "45": -0.008555522260941834,
      "60": 0.02919690833578617,
      "90": 0.006690458508678158,
      "120": -0.00816858249507114,
      "180": -0.10711320772359778,
      "h_flip": 0.23553461161355335,
      "v_flip": -0.14826006040878967
    },
    "Symmetry_mean": 0.07469910079695165,
    "Symmetry_std": 0.959924286684367
  },
  "4": {
    "count": 24,
    "percentage": 8.75912408759124,